{"cameraMode":{"drawMode":2,"name":"Shaded Wireframe","section":"Shading Mode"},"sceneLighting":true,"audioPlay":false,"sceneViewState":{"showFog":false,"showMaterialUpdate":false,"showSkybox":false,"showFlares":false,"showImageEffects":false,"showParticleSystems":false},"in2DMode":false,"pivot":{"x":13.444549560546875,"y":-1.4102765321731568,"z":6.974189758300781},"rotation":{"x":-0.09070579707622528,"y":-0.8908706307411194,"z":0.20417113602161408,"w":-0.39558207988739016},"size":9.198419570922852,"orthographic":false}